mod_num,time_to_create,nfolds,ntrees,max_depth,mtries,min_split_improvement,sample_rate,categorical_encoding,histogram_type,seed,col_sample_rate_per_tree,r_2,r_2_valid,mse,mse_valid,rmse,rmse_valid,rmsle,rmsle_valid,mae,mae_valid
1,9.439,5,100,3,-1,0.01,0.632,EnumLimited,UniformAdaptive,16,0.8,6.280175268713606e-10,-8.083501942479643e-6,2.317979021479516,2.242089326552907,1.5224910579308886,1.4973607870359458,0.17111908988099842,0.16494705497319026,1.2062419309534578,1.192542854409374
2,10.415999999999997,5,200,3,-1,0.01,0.632,EnumLimited,UniformAdaptive,16,0.8,1.3918843855265095e-9,-8.083501942479643e-6,2.317979019708889,2.242089326552907,1.5224910573493984,1.4973607870359458,0.1711190966666533,0.16494705497319026,1.2062418504826253,1.192542854409374
3,8.301000000000002,5,100,5,-1,0.01,0.632,EnumLimited,UniformAdaptive,16,0.8,6.280175268713606e-10,-8.083501942479643e-6,2.317979021479516,2.242089326552907,1.5224910579308886,1.4973607870359458,0.17111908988099842,0.16494705497319026,1.2062419309534578,1.192542854409374
4,10.320000000000007,5,200,5,-1,0.01,0.632,EnumLimited,UniformAdaptive,16,0.8,1.3918843855265095e-9,-8.083501942479643e-6,2.317979019708889,2.242089326552907,1.5224910573493984,1.4973607870359458,0.1711190966666533,0.16494705497319026,1.2062418504826253,1.192542854409374
5,8.317999999999984,5,100,7,-1,0.01,0.632,EnumLimited,UniformAdaptive,16,0.8,6.280175268713606e-10,-8.083501942479643e-6,2.317979021479516,2.242089326552907,1.5224910579308886,1.4973607870359458,0.17111908988099842,0.16494705497319026,1.2062419309534578,1.192542854409374
6,9.311999999999983,5,200,7,-1,0.01,0.632,EnumLimited,UniformAdaptive,16,0.8,1.3918843855265095e-9,-8.083501942479643e-6,2.317979019708889,2.242089326552907,1.5224910573493984,1.4973607870359458,0.1711190966666533,0.16494705497319026,1.2062418504826253,1.192542854409374
7,8.295000000000016,5,100,10,-1,0.01,0.632,EnumLimited,UniformAdaptive,16,0.8,6.280175268713606e-10,-8.083501942479643e-6,2.317979021479516,2.242089326552907,1.5224910579308886,1.4973607870359458,0.17111908988099842,0.16494705497319026,1.2062419309534578,1.192542854409374
8,9.280000000000001,5,200,10,-1,0.01,0.632,EnumLimited,UniformAdaptive,16,0.8,1.3918843855265095e-9,-8.083501942479643e-6,2.317979019708889,2.242089326552907,1.5224910573493984,1.4973607870359458,0.1711190966666533,0.16494705497319026,1.2062418504826253,1.192542854409374
9,7.275000000000006,5,100,15,-1,0.01,0.632,EnumLimited,UniformAdaptive,16,0.8,6.280175268713606e-10,-8.083501942479643e-6,2.317979021479516,2.242089326552907,1.5224910579308886,1.4973607870359458,0.17111908988099842,0.16494705497319026,1.2062419309534578,1.192542854409374
10,9.275999999999982,5,200,15,-1,0.01,0.632,EnumLimited,UniformAdaptive,16,0.8,1.3918843855265095e-9,-8.083501942479643e-6,2.317979019708889,2.242089326552907,1.5224910573493984,1.4973607870359458,0.1711190966666533,0.16494705497319026,1.2062418504826253,1.192542854409374
11,7.283999999999992,5,100,20,-1,0.01,0.632,EnumLimited,UniformAdaptive,16,0.8,6.280175268713606e-10,-8.083501942479643e-6,2.317979021479516,2.242089326552907,1.5224910579308886,1.4973607870359458,0.17111908988099842,0.16494705497319026,1.2062419309534578,1.192542854409374
12,9.314999999999998,5,200,20,-1,0.01,0.632,EnumLimited,UniformAdaptive,16,0.8,1.3918843855265095e-9,-8.083501942479643e-6,2.317979019708889,2.242089326552907,1.5224910573493984,1.4973607870359458,0.1711190966666533,0.16494705497319026,1.2062418504826253,1.192542854409374
13,8.26400000000001,5,100,30,-1,0.01,0.632,EnumLimited,UniformAdaptive,16,0.8,6.280175268713606e-10,-8.083501942479643e-6,2.317979021479516,2.242089326552907,1.5224910579308886,1.4973607870359458,0.17111908988099842,0.16494705497319026,1.2062419309534578,1.192542854409374
14,9.296999999999969,5,200,30,-1,0.01,0.632,EnumLimited,UniformAdaptive,16,0.8,1.3918843855265095e-9,-8.083501942479643e-6,2.317979019708889,2.242089326552907,1.5224910573493984,1.4973607870359458,0.1711190966666533,0.16494705497319026,1.2062418504826253,1.192542854409374
15,9.282000000000039,5,100,3,-1,0.001,0.632,EnumLimited,UniformAdaptive,16,0.8,0.006807518420783754,2.2937537694855958e-4,2.3021993380376258,2.241556926838704,1.5173000158299694,1.4971829971111428,0.17069842552648104,0.1650497711090055,1.203910015711247,1.194737857557367
16,10.298000000000002,5,200,3,-1,0.001,0.632,EnumLimited,UniformAdaptive,16,0.8,0.006883910646962033,2.291541401678865e-4,2.302022262459829,2.241557422867319,1.517241662511226,1.4971831627651038,0.17068949035503275,0.16505007042106964,1.2039614186137997,1.1948670241015966
17,9.255000000000052,5,100,5,-1,0.001,0.632,EnumLimited,UniformAdaptive,16,0.8,0.006908919097946553,6.204045390645341e-6,2.301964293395051,2.242057292854473,1.5172225589527235,1.4973500902776455,0.17069878400972388,0.165079394777395,1.2039546854942613,1.195055038391866
18,11.291999999999973,5,200,5,-1,0.001,0.632,EnumLimited,UniformAdaptive,16,0.8,0.007348811705034208,-3.8320463331920074e-4,2.3009446315594775,2.2429303748391156,1.5168864926419108,1.4976416042695648,0.1706640752171345,0.1651077816132874,1.2037427937806675,1.195291446235453
19,10.925000000000068,5,100,7,-1,0.001,0.632,EnumLimited,UniformAdaptive,16,0.8,0.0062187961833438665,-0.0013504498057164138,2.303563983834347,2.245099007386162,1.5177496446497185,1.4983654452055954,0.17074151685261,0.16517901728235965,1.2041809720091938,1.1958119168256394
20,12.33400000000006,5,200,7,-1,0.001,0.632,EnumLimited,UniformAdaptive,16,0.8,0.006803134965096769,-0.0014410330925334058,2.302209498795956,2.2453021015649863,1.5173033641285965,1.49843321558386,0.17070016738633711,0.16518265682456773,1.20407996925443,1.1958738669486386
21,11.325999999999908,5,100,10,-1,0.001,0.632,EnumLimited,UniformAdaptive,16,0.8,0.0019760826498281814,-0.0023955416806544783,2.3133985048053596,2.247442177783205,1.5209860304438563,1.4991471501434424,0.17101779022748503,0.16521951280030303,1.2066945931623172,1.1972596017038568
22,16.888000000000034,5,200,10,-1,0.001,0.632,EnumLimited,UniformAdaptive,16,0.8,0.00441537435005912,-0.002190711108471577,2.3077442778134043,2.2469829330558677,1.5191261559901483,1.4989939736556208,0.1708454522774925,0.16520605649923914,1.205543540951581,1.1968966165435144
23,22.08699999999999,5,100,15,-1,0.001,0.632,EnumLimited,UniformAdaptive,16,0.8,-0.010810228638967079,-0.008122639273714594,2.3430369061535075,2.2602827383720356,1.5306981760469656,1.5034236722800516,0.17182748607446696,0.16549626880502738,1.2152050462486388,1.2026362475685284
24,37.579000000000065,5,200,15,-1,0.001,0.632,EnumLimited,UniformAdaptive,16,0.8,-0.004140855119790121,-0.005884119314504055,2.3275774382399352,2.2552638172346726,1.5256400093862035,1.5017535807297655,0.17135084826722946,0.16533054736949288,1.211328959890445,1.200891585617933
25,36.603000000000065,5,100,20,-1,0.001,0.632,EnumLimited,UniformAdaptive,16,0.8,-0.021506684311197732,-0.013650899855661702,2.3678310660214947,2.2726774922242057,1.5387758335837922,1.5075402124733541,0.1724382124299699,0.1657609797700488,1.2229610490495801,1.2081327012427436
26,71.10899999999992,5,200,20,-1,0.001,0.632,EnumLimited,UniformAdaptive,16,0.8,-0.010781328681923164,-0.009942655880372797,2.3429699166593156,2.2643633451943797,1.5306762938842804,1.5047801650720878,0.17165424564554815,0.1654900504457984,1.2172343764596663,1.2049859297000591
27,53.8660000000001,5,100,30,-1,0.001,0.632,EnumLimited,UniformAdaptive,16,0.8,-0.028184656853099455,-0.01545282250937663,2.3833104662893603,2.2767175311157115,1.5437974175031386,1.5088795615010866,0.17283702609670518,0.16579994025884023,1.2278909437113343,1.2100940298165914
28,116.70700000000011,5,200,30,-1,0.001,0.632,EnumLimited,UniformAdaptive,16,0.8,-0.015861220579572732,-0.012005598480047341,2.3547449995168463,2.2689886093900693,1.5345178394260675,1.506316238175128,0.17192174832051346,0.16553745353185154,1.221396783657275,1.2075157407113442
29,9.30399999999986,5,100,3,-1,1e-4,0.632,EnumLimited,UniformAdaptive,16,0.8,0.0073259243953195385,-1.280838347081925e-4,2.3009976838632875,2.2423583758433234,1.5169039797769954,1.4974506255110127,0.17066686050350083,0.16508733790478528,1.203834383620211,1.1952269677953704
30,10.294000000000096,5,200,3,-1,1e-4,0.632,EnumLimited,UniformAdaptive,16,0.8,0.007251583273250484,1.0390785345815168e-5,2.301170005024785,2.242047905885386,1.5169607790001642,1.497346955747193,0.1706669742590422,0.16507531752961788,1.2039793885858578,1.195284835701623
31,9.258000000000038,5,100,5,-1,1e-4,0.632,EnumLimited,UniformAdaptive,16,0.8,0.0072210866756443615,-0.0010112576340184365,2.301240695498307,2.244338514385794,1.5169840788545894,1.4981116495060687,0.17067844679366087,0.16516630625891934,1.204113937476941,1.1958503024161398
32,11.325000000000045,5,200,5,-1,1e-4,0.632,EnumLimited,UniformAdaptive,16,0.8,0.007612977138855559,-9.932538249475265e-4,2.300332301625295,2.244298148563936,1.5166846414549384,1.4980981772113389,0.17064819936772282,0.16516343911507606,1.203854659752147,1.195921234150149
33,10.281999999999925,5,100,7,-1,1e-4,0.632,EnumLimited,UniformAdaptive,16,0.8,0.006195180831957359,-0.002710451089522392,2.30361872372348,2.248148227100308,1.5177676777832239,1.4993826153121517,0.17073730204260412,0.16529477339175677,1.20461997295957,1.1968806180434854
34,13.327999999999975,5,200,7,-1,1e-4,0.632,EnumLimited,UniformAdaptive,16,0.8,0.006445333829394606,-0.002533418503000373,2.3030388743228962,2.2477513074361157,1.5175766452877746,1.4992502484362362,0.170725858684251,0.16527488799130569,1.204536025390545,1.1968205805688708
35,14.778999999999996,5,100,10,-1,1e-4,0.632,EnumLimited,UniformAdaptive,16,0.8,3.0604215729113093e-4,-0.0052878301821168705,2.317269623634513,2.2539268945424253,1.522258067357343,1.5013083942156673,0.1711268697502949,0.16544006768330685,1.208553325895478,1.1993833744965432
36,18.407999999999902,5,200,10,-1,1e-4,0.632,EnumLimited,UniformAdaptive,16,0.8,0.003083546213048405,-0.0042319544900437656,2.31083142749715,2.2515595460595277,1.520141910315333,1.500519758636829,0.17092998177356214,0.16536610814824468,1.2068814502406007,1.1984069817592393
37,24.503999999999905,5,100,15,-1,1e-4,0.632,EnumLimited,UniformAdaptive,16,0.8,-0.01846769274025073,-0.015049258911716379,2.3607867473091626,2.2758127127949126,1.53648519267488,1.5085797005113495,0.17233554166369713,0.16597377924509912,1.2203274067690892,1.2071472799502867
38,46.03399999999988,5,200,15,-1,1e-4,0.632,EnumLimited,UniformAdaptive,16,0.8,-0.009071844381821625,-0.010803585336457866,2.3390073679116434,2.2662936103354814,1.5293813677142936,1.5054214062299902,0.17165973712181923,0.16566480772782205,1.2149671293891755,1.2044659427677868
39,46.355999999999995,5,100,20,-1,1e-4,0.632,EnumLimited,UniformAdaptive,16,0.8,-0.034261805292233216,-0.02505463255334317,2.397397168890536,2.298245472909718,1.548353050467023,1.5159965280005485,0.17325934085175787,0.16651589630938837,1.2324823455682097,1.2156670746178724
40,90.82799999999997,5,200,20,-1,1e-4,0.632,EnumLimited,UniformAdaptive,16,0.8,-0.01985695002344512,-0.01751739500081806,2.364007016549067,2.2813464496447953,1.5375327692602414,1.51041267527944,0.17222924914638973,0.1659634069691066,1.2238932686534298,1.2103003843874485
41,71.50900000000001,5,100,30,-1,1e-4,0.632,EnumLimited,UniformAdaptive,16,0.8,-0.04619460975605838,-0.029546444933736593,2.425057159322471,2.308316436096026,1.5572595028839833,1.519314462544218,0.1739821733324996,0.16670106980376911,1.2409159553716365,1.219098121068829
42,144.71900000000005,5,200,30,-1,1e-4,0.632,EnumLimited,UniformAdaptive,16,0.8,-0.027952340644709306,-0.022044186168460822,2.382771962191624,2.291495837762702,1.5436229987246317,1.5137687530672252,0.17269022142832333,0.16615138370489801,1.2297990734145077,1.2142745649829192
43,8.286000000000058,5,100,3,7,0.01,0.632,EnumLimited,UniformAdaptive,16,0.8,6.280175268713606e-10,-8.083501942479643e-6,2.317979021479516,2.242089326552907,1.5224910579308886,1.4973607870359458,0.17111908988099842,0.16494705497319026,1.2062419309534578,1.192542854409374
44,10.342999999999847,5,200,3,7,0.01,0.632,EnumLimited,UniformAdaptive,16,0.8,1.3918843855265095e-9,-8.083501942479643e-6,2.317979019708889,2.242089326552907,1.5224910573493984,1.4973607870359458,0.1711190966666533,0.16494705497319026,1.2062418504826253,1.192542854409374
45,8.353000000000065,5,100,5,7,0.01,0.632,EnumLimited,UniformAdaptive,16,0.8,6.280175268713606e-10,-8.083501942479643e-6,2.317979021479516,2.242089326552907,1.5224910579308886,1.4973607870359458,0.17111908988099842,0.16494705497319026,1.2062419309534578,1.192542854409374
46,9.278000000000247,5,200,5,7,0.01,0.632,EnumLimited,UniformAdaptive,16,0.8,1.3918843855265095e-9,-8.083501942479643e-6,2.317979019708889,2.242089326552907,1.5224910573493984,1.4973607870359458,0.1711190966666533,0.16494705497319026,1.2062418504826253,1.192542854409374
47,8.101000000000113,5,100,7,7,0.01,0.632,EnumLimited,UniformAdaptive,16,0.8,6.280175268713606e-10,-8.083501942479643e-6,2.317979021479516,2.242089326552907,1.5224910579308886,1.4973607870359458,0.17111908988099842,0.16494705497319026,1.2062419309534578,1.192542854409374
48,9.235999999999876,5,200,7,7,0.01,0.632,EnumLimited,UniformAdaptive,16,0.8,1.3918843855265095e-9,-8.083501942479643e-6,2.317979019708889,2.242089326552907,1.5224910573493984,1.4973607870359458,0.1711190966666533,0.16494705497319026,1.2062418504826253,1.192542854409374
49,7.291000000000167,5,100,10,7,0.01,0.632,EnumLimited,UniformAdaptive,16,0.8,6.280175268713606e-10,-8.083501942479643e-6,2.317979021479516,2.242089326552907,1.5224910579308886,1.4973607870359458,0.17111908988099842,0.16494705497319026,1.2062419309534578,1.192542854409374
50,9.249000000000251,5,200,10,7,0.01,0.632,EnumLimited,UniformAdaptive,16,0.8,1.3918843855265095e-9,-8.083501942479643e-6,2.317979019708889,2.242089326552907,1.5224910573493984,1.4973607870359458,0.1711190966666533,0.16494705497319026,1.2062418504826253,1.192542854409374
51,8.297000000000025,5,100,15,7,0.01,0.632,EnumLimited,UniformAdaptive,16,0.8,6.280175268713606e-10,-8.083501942479643e-6,2.317979021479516,2.242089326552907,1.5224910579308886,1.4973607870359458,0.17111908988099842,0.16494705497319026,1.2062419309534578,1.192542854409374
52,9.265000000000327,5,200,15,7,0.01,0.632,EnumLimited,UniformAdaptive,16,0.8,1.3918843855265095e-9,-8.083501942479643e-6,2.317979019708889,2.242089326552907,1.5224910573493984,1.4973607870359458,0.1711190966666533,0.16494705497319026,1.2062418504826253,1.192542854409374
53,8.219000000000051,5,100,20,7,0.01,0.632,EnumLimited,UniformAdaptive,16,0.8,6.280175268713606e-10,-8.083501942479643e-6,2.317979021479516,2.242089326552907,1.5224910579308886,1.4973607870359458,0.17111908988099842,0.16494705497319026,1.2062419309534578,1.192542854409374
54,9.25799999999981,5,200,20,7,0.01,0.632,EnumLimited,UniformAdaptive,16,0.8,1.3918843855265095e-9,-8.083501942479643e-6,2.317979019708889,2.242089326552907,1.5224910573493984,1.4973607870359458,0.1711190966666533,0.16494705497319026,1.2062418504826253,1.192542854409374
55,8.251000000000204,5,100,30,7,0.01,0.632,EnumLimited,UniformAdaptive,16,0.8,6.280175268713606e-10,-8.083501942479643e-6,2.317979021479516,2.242089326552907,1.5224910579308886,1.4973607870359458,0.17111908988099842,0.16494705497319026,1.2062419309534578,1.192542854409374
56,9.257000000000062,5,200,30,7,0.01,0.632,EnumLimited,UniformAdaptive,16,0.8,1.3918843855265095e-9,-8.083501942479643e-6,2.317979019708889,2.242089326552907,1.5224910573493984,1.4973607870359458,0.1711190966666533,0.16494705497319026,1.2062418504826253,1.192542854409374
57,9.269999999999982,5,100,3,7,0.001,0.632,EnumLimited,UniformAdaptive,16,0.8,0.004424408996990592,9.140948366785917e-4,2.3077233356913376,2.24002173705607,1.5191192631559043,1.4966702165327104,0.17084234592632713,0.1649488121762632,1.205015009922998,1.1936842263531569
58,10.280999999999949,5,200,3,7,0.001,0.632,EnumLimited,UniformAdaptive,16,0.8,0.004664193077259293,9.476177659319962e-4,2.3071675212232408,2.2399465762617585,1.5189363124315782,1.4966451069848719,0.17082519665200693,0.16494887318561932,1.2049723915883608,1.1938152407533857
59,9.26700000000028,5,100,5,7,0.001,0.632,EnumLimited,UniformAdaptive,16,0.8,0.0051038706937589495,0.0011597964066297761,2.3061483577313404,2.239470856641608,1.5186007894543385,1.4964861698798315,0.17079255722010844,0.16493572320441763,1.2045310122261648,1.193508620646503
60,10.35799999999972,5,200,5,7,0.001,0.632,EnumLimited,UniformAdaptive,16,0.8,0.0053671315931919095,0.001146060676440408,2.305538124488896,2.2395016531267147,1.5183998565888024,1.4964964594434278,0.17077728974539777,0.16494422977905077,1.20448222545149,1.1937048588895085
61,10.259999999999764,5,100,7,7,0.001,0.632,EnumLimited,UniformAdaptive,16,0.8,0.004884453713067449,8.034616637456748e-4,2.306656961689859,2.2402697845071735,1.5187682383069048,1.4967530806740215,0.17080694717146386,0.16495883215278043,1.2047825947611162,1.1936065338206623
62,13.717999999999847,5,200,7,7,0.001,0.632,EnumLimited,UniformAdaptive,16,0.8,0.005397866191590217,0.0010229703918352984,2.3054668823345303,2.239777630309168,1.5183763967918265,1.4965886643661204,0.17077249781316747,0.16495375282929722,1.2045132386263766,1.1937315950094516
63,10.286999999999807,5,100,10,7,0.001,0.632,EnumLimited,UniformAdaptive,16,0.8,0.004322989025764223,0.001042153641473198,2.307958425057147,2.2397346200975794,1.5191966380482635,1.4965742948806715,0.170829606254893,0.16492713354998212,1.205382535994881,1.193340179362253
64,13.014000000000124,5,200,10,7,0.001,0.632,EnumLimited,UniformAdaptive,16,0.8,0.005354512316858129,0.0010196774628524752,2.305567375706722,2.239785013290413,1.5184094888094983,1.496591130967444,0.17076062876105566,0.16494364532329087,1.2048181609912254,1.1935227522335101
65,13.995000000000346,5,100,15,7,0.001,0.632,EnumLimited,UniformAdaptive,16,0.8,2.9459339268789186e-4,-4.493625918498001e-4,2.317296161630702,2.243078705692771,1.52226678398719,1.4976911249295601,0.17105109950792596,0.1649847452596855,1.208663371775422,1.1950678725417083
66,22.472000000000207,5,200,15,7,0.001,0.632,EnumLimited,UniformAdaptive,16,0.8,0.002830678356809835,1.2922476355925472e-4,2.311417569883486,2.2417814716449236,1.5203346900875103,1.497257984331666,0.17088825750598172,0.16495445016855548,1.2067408929165166,1.1947701205457533
67,19.423999999999978,5,100,20,7,0.001,0.632,EnumLimited,UniformAdaptive,16,0.8,-0.003773579579604114,-0.0017342478794040161,2.326726101242147,2.245959509994854,1.5253609740786431,1.4986525648044158,0.17129616127891104,0.1650137804918021,1.2117154354620157,1.1964538388998058
68,34.61999999999989,5,200,20,7,0.001,0.632,EnumLimited,UniformAdaptive,16,0.8,2.0904820126810275e-4,-6.368853052516332e-4,2.317494453589926,2.2434991449683537,1.5223319130826647,1.4978314808309892,0.17102961586007082,0.1649363865686706,1.2090303561452622,1.1961265326026336
69,26.537000000000262,5,100,30,7,0.001,0.632,EnumLimited,UniformAdaptive,16,0.8,-0.006511723270858694,-0.0024294682155563407,2.3330730608802575,2.247518243490118,1.5274400351176662,1.4991725195887624,0.1714605504334228,0.16500608927702468,1.2136200529737493,1.197748146840135
70,50.81700000000001,5,200,30,7,0.001,0.632,EnumLimited,UniformAdaptive,16,0.8,-0.001432530990077563,-0.0010904371324136353,2.321299599719952,2.2445160404589957,1.5235811759535336,1.4981708982819668,0.17111145878860304,0.16491471630696128,1.2104695373960401,1.197194779130778
71,9.268999999999778,5,100,3,7,1e-4,0.632,EnumLimited,UniformAdaptive,16,0.8,0.0058506948828103145,8.057474134649523e-4,2.304417234927299,2.240264659693551,1.5180307094809706,1.4967513686960674,0.1707577952834063,0.1649894308024238,1.2049706143386352,1.1947410968881442
72,12.719000000000051,5,200,3,7,1e-4,0.632,EnumLimited,UniformAdaptive,16,0.8,0.005846865193684603,8.143651293763821e-4,2.3044261120663565,2.2402453381608725,1.51803363337785,1.4967449141924192,0.1707590750437419,0.16499082964785122,1.2049614873145782,1.1947958977429634
73,9.279999999999745,5,100,5,7,1e-4,0.632,EnumLimited,UniformAdaptive,16,0.8,0.006389955897045607,7.635898355087267e-4,2.3031672392084146,2.2403591799850653,1.5176189374175635,1.4967829435108704,0.17072741160938432,0.16501366548603488,1.2047848361588085,1.1949601685644293
74,12.994000000000142,5,200,5,7,1e-4,0.632,EnumLimited,UniformAdaptive,16,0.8,0.00691405080305274,7.311621265623236e-4,2.301952398210263,2.2404318852174656,1.517218638894956,1.4968072304800861,0.17069458682751612,0.1650182127693108,1.2043343906243122,1.1950024836022428
75,11.182999999999993,5,100,7,7,1e-4,0.632,EnumLimited,UniformAdaptive,16,0.8,0.006337325946153438,1.7453659457355997e-4,2.3032892343305607,2.241679879293462,1.5176591298215028,1.4972240578128118,0.1707319912624694,0.16506591239573196,1.2046606696003603,1.1951746480670606
76,13.33999999999969,5,200,7,7,1e-4,0.632,EnumLimited,UniformAdaptive,16,0.8,0.00691722647679438,1.8348278008839536e-4,2.301945037065146,2.2416598213085446,1.5172162130247442,1.4972173594066243,0.17069432364383486,0.1650708832172752,1.2041295644600944,1.1953461802228686
77,12.335999999999785,5,100,10,7,1e-4,0.632,EnumLimited,UniformAdaptive,16,0.8,0.0037925076528398938,-0.0020148853618759954,2.3091880697516434,2.246588719212721,1.5196012864405068,1.4988624750832615,0.17089218221092503,0.16521231410882214,1.2062460544160154,1.1966938344990858
78,16.36999999999989,5,200,10,7,1e-4,0.632,EnumLimited,UniformAdaptive,16,0.8,0.0049157081162093386,-0.00210926098374431,2.306584514639002,2.2468003160767553,1.5187443875251037,1.4989330592380552,0.17080675184186292,0.16522063218048652,1.2057050169706773,1.1968956279058045
79,19.389999999999873,5,100,15,7,1e-4,0.632,EnumLimited,UniformAdaptive,16,0.8,-0.009928824848832951,-0.010276363756154927,2.340993830657241,2.265111542012807,1.53003066330621,1.5050287512246425,0.17174459452304697,0.1656936346280317,1.2163125409409665,1.2031517601198167
80,37.47900000000027,5,200,15,7,1e-4,0.632,EnumLimited,UniformAdaptive,16,0.8,-0.003989951284770088,-0.008891459046332706,2.3272276463158783,2.26200648704434,1.525525367313136,1.5039968374449262,0.1713178151742816,0.16559164906359086,1.2129286496979632,1.2024049405295705
81,36.748999999999796,5,100,20,7,1e-4,0.632,EnumLimited,UniformAdaptive,16,0.8,-0.0249247153589236,-0.021450461870085258,2.375753990289865,2.290164665610932,1.5413481080826177,1.5133290011134168,0.1726318121027916,0.16633911536761628,1.2271654448184264,1.2118770382759014
82,69.95399999999972,5,200,20,7,1e-4,0.632,EnumLimited,UniformAdaptive,16,0.8,-0.01375939106113444,-0.015788863297031552,2.3498730027833203,2.277470958488667,1.5329295491911297,1.5091292053660175,0.1718660539118146,0.1659306071980523,1.221072730667348,1.2088488211436406
83,56.897000000000844,5,100,30,7,1e-4,0.632,EnumLimited,UniformAdaptive,16,0.8,-0.0382489482371966,-0.02789372136798196,2.4066392825984053,2.3046109121831146,1.5513346778172676,1.5180945004126438,0.17341883424535393,0.1666451518074626,1.2359830238716287,1.217145962706026
84,114.88199999999961,5,200,30,7,1e-4,0.632,EnumLimited,UniformAdaptive,16,0.8,-0.022673427906010124,-0.02077576703376116,2.3705355531994137,2.288651951747755,1.5396543616017895,1.5128291217939174,0.17232390498109015,0.16614136030203605,1.227159206147655,1.2133280735996084
85,9.435999999999694,5,100,3,20,0.01,0.632,EnumLimited,UniformAdaptive,16,0.8,6.280175268713606e-10,-8.083501942479643e-6,2.317979021479516,2.242089326552907,1.5224910579308886,1.4973607870359458,0.17111908988099842,0.16494705497319026,1.2062419309534578,1.192542854409374
86,9.252999999999702,5,200,3,20,0.01,0.632,EnumLimited,UniformAdaptive,16,0.8,1.3918843855265095e-9,-8.083501942479643e-6,2.317979019708889,2.242089326552907,1.5224910573493984,1.4973607870359458,0.1711190966666533,0.16494705497319026,1.2062418504826253,1.192542854409374
87,8.279000000000451,5,100,5,20,0.01,0.632,EnumLimited,UniformAdaptive,16,0.8,6.280175268713606e-10,-8.083501942479643e-6,2.317979021479516,2.242089326552907,1.5224910579308886,1.4973607870359458,0.17111908988099842,0.16494705497319026,1.2062419309534578,1.192542854409374
88,10.264999999999418,5,200,5,20,0.01,0.632,EnumLimited,UniformAdaptive,16,0.8,1.3918843855265095e-9,-8.083501942479643e-6,2.317979019708889,2.242089326552907,1.5224910573493984,1.4973607870359458,0.1711190966666533,0.16494705497319026,1.2062418504826253,1.192542854409374
89,8.262000000000626,5,100,7,20,0.01,0.632,EnumLimited,UniformAdaptive,16,0.8,6.280175268713606e-10,-8.083501942479643e-6,2.317979021479516,2.242089326552907,1.5224910579308886,1.4973607870359458,0.17111908988099842,0.16494705497319026,1.2062419309534578,1.192542854409374
90,9.24499999999989,5,200,7,20,0.01,0.632,EnumLimited,UniformAdaptive,16,0.8,1.3918843855265095e-9,-8.083501942479643e-6,2.317979019708889,2.242089326552907,1.5224910573493984,1.4973607870359458,0.1711190966666533,0.16494705497319026,1.2062418504826253,1.192542854409374
91,7.25,5,100,10,20,0.01,0.632,EnumLimited,UniformAdaptive,16,0.8,6.280175268713606e-10,-8.083501942479643e-6,2.317979021479516,2.242089326552907,1.5224910579308886,1.4973607870359458,0.17111908988099842,0.16494705497319026,1.2062419309534578,1.192542854409374
92,9.265999999999622,5,200,10,20,0.01,0.632,EnumLimited,UniformAdaptive,16,0.8,1.3918843855265095e-9,-8.083501942479643e-6,2.317979019708889,2.242089326552907,1.5224910573493984,1.4973607870359458,0.1711190966666533,0.16494705497319026,1.2062418504826253,1.192542854409374
93,8.253999999999905,5,100,15,20,0.01,0.632,EnumLimited,UniformAdaptive,16,0.8,6.280175268713606e-10,-8.083501942479643e-6,2.317979021479516,2.242089326552907,1.5224910579308886,1.4973607870359458,0.17111908988099842,0.16494705497319026,1.2062419309534578,1.192542854409374
94,9.279999999999745,5,200,15,20,0.01,0.632,EnumLimited,UniformAdaptive,16,0.8,1.3918843855265095e-9,-8.083501942479643e-6,2.317979019708889,2.242089326552907,1.5224910573493984,1.4973607870359458,0.1711190966666533,0.16494705497319026,1.2062418504826253,1.192542854409374
95,8.231000000000677,5,100,20,20,0.01,0.632,EnumLimited,UniformAdaptive,16,0.8,6.280175268713606e-10,-8.083501942479643e-6,2.317979021479516,2.242089326552907,1.5224910579308886,1.4973607870359458,0.17111908988099842,0.16494705497319026,1.2062419309534578,1.192542854409374
96,9.274000000000342,5,200,20,20,0.01,0.632,EnumLimited,UniformAdaptive,16,0.8,1.3918843855265095e-9,-8.083501942479643e-6,2.317979019708889,2.242089326552907,1.5224910573493984,1.4973607870359458,0.1711190966666533,0.16494705497319026,1.2062418504826253,1.192542854409374
97,8.218000000000757,5,100,30,20,0.01,0.632,EnumLimited,UniformAdaptive,16,0.8,6.280175268713606e-10,-8.083501942479643e-6,2.317979021479516,2.242089326552907,1.5224910579308886,1.4973607870359458,0.17111908988099842,0.16494705497319026,1.2062419309534578,1.192542854409374
98,9.265000000000327,5,200,30,20,0.01,0.632,EnumLimited,UniformAdaptive,16,0.8,1.3918843855265095e-9,-8.083501942479643e-6,2.317979019708889,2.242089326552907,1.5224910573493984,1.4973607870359458,0.1711190966666533,0.16494705497319026,1.2062418504826253,1.192542854409374
99,9.280999999999949,5,100,3,20,0.001,0.632,EnumLimited,UniformAdaptive,16,0.8,0.0077493354291420236,-4.175955367240469e-4,2.3000162259688075,2.243007481693277,1.516580438344372,1.4976673468074533,0.170627632517704,0.16511231456167882,1.2034472755366208,1.1953345697730862
100,10.294000000000779,5,200,3,20,0.001,0.632,EnumLimited,UniformAdaptive,16,0.8,0.0079259793852553,-5.173616031390882e-4,2.2996067689840087,2.243231164317799,1.51644543884177,1.4977420219509765,0.1706159447882423,0.16512020018308296,1.2032466471220034,1.195381546271838
101,10.292000000000371,5,100,5,20,0.001,0.632,EnumLimited,UniformAdaptive,16,0.8,0.007213972541591063,-0.0018138029252321441,2.3012571859118087,2.24613787807214,1.516989514107401,1.4987120731054848,0.17067732433262917,0.16521908641907598,1.203854853599275,1.1962226423337448
102,12.286999999999352,5,200,5,20,0.001,0.632,EnumLimited,UniformAdaptive,16,0.8,0.0074676462822770295,-0.0016928749736588866,2.3006691755022293,2.245866748994308,1.5167956933952012,1.4986216163509414,0.17065533647369027,0.16520882957255664,1.2036558902424292,1.196218780371311
103,10.284999999999854,5,100,7,20,0.001,0.632,EnumLimited,UniformAdaptive,16,0.8,0.005328909415061478,-0.003263744882773034,2.305626722696013,2.2493887511808244,1.5184290311687316,1.4997962365537607,0.17081656553888674,0.16531014062146787,1.2047377642427555,1.1973492493950777
104,13.344000000000051,5,200,7,20,0.001,0.632,EnumLimited,UniformAdaptive,16,0.8,0.006150605624146932,-0.002961376365821611,2.3037220481201275,2.2487108194363445,1.5178017156796626,1.4995702115727507,0.17075124762558216,0.16528916783017447,1.2042132914996804,1.196965659904202
105,12.320999999999913,5,100,10,20,0.001,0.632,EnumLimited,UniformAdaptive,16,0.8,1.2368667821072155e-4,-0.006891306968251021,2.3176923198097388,2.25752200366892,1.5223968995665154,1.5025052424763516,0.17114977990780286,0.16555422183000087,1.207692181548992,1.199459674960496
106,19.44300000000021,5,200,10,20,0.001,0.632,EnumLimited,UniformAdaptive,16,0.8,0.002784747000899368,-0.005626297921156542,2.311524037802981,2.254685763313191,1.5203697043163484,1.5015611087508864,0.17096279070305423,0.16545407729285191,1.2066866297946353,1.198791824340562
107,25.51000000000022,5,100,15,20,0.001,0.632,EnumLimited,UniformAdaptive,16,0.8,-0.016209469525484632,-0.015726628603347947,2.355552233268229,2.2773314238741462,1.5347808420970823,1.5090829744828964,0.1721797233498685,0.16600314850526054,1.2189485935800672,1.207253426799542
108,50.24499999999989,5,200,15,20,0.001,0.632,EnumLimited,UniformAdaptive,16,0.8,-0.009419405785955792,-0.01167002828645547,2.339813007955608,2.2682362371225104,1.5296447325949931,1.5060664783210966,0.17170728730700285,0.16572766287459492,1.2155703561382212,1.2044445084789823
109,46.365999999999985,5,100,20,20,0.001,0.632,EnumLimited,UniformAdaptive,16,0.8,-0.028549639373993907,-0.023833115100990065,2.3841564881165316,2.295506743806121,1.54407139994125,1.515092981901151,0.1728238210220905,0.16640790831799987,1.2291839232085802,1.2146446538538669
110,87.29100000000017,5,200,20,20,0.001,0.632,EnumLimited,UniformAdaptive,16,0.8,-0.017359775059268223,-0.017370646465261874,2.3582186173655058,2.2810174289791765,1.5356492494594935,1.5103037538783965,0.17207731408877666,0.16597087400055793,1.2229295500143462,1.2106140283279216
111,67.06600000000071,5,100,30,20,0.001,0.632,EnumLimited,UniformAdaptive,16,0.8,-0.0386947968460043,-0.0296787393133493,2.4076727503210265,2.308613049514843,1.551667731932654,1.5194120736373142,0.1734434889574074,0.166688072659639,1.2354618896558327,1.2197628427360336
112,134.86799999999948,5,200,30,20,0.001,0.632,EnumLimited,UniformAdaptive,16,0.8,-0.022957104265545203,-0.021115986119776275,2.3711931090501186,2.289414747163141,1.539867886881897,1.5130812097052626,0.17237495588727558,0.16612075260425702,1.226717915401436,1.2141272775363177
113,9.277000000000044,5,100,3,20,1e-4,0.632,EnumLimited,UniformAdaptive,16,0.8,0.007908519758953458,-0.00047918280659775547,2.2996472400315247,2.2431455647375174,1.5164587828330596,1.4977134454686307,0.17062072653740246,0.1651219346742818,1.2033661910426723,1.1953646450535167
114,10.318000000000211,5,200,3,20,1e-4,0.632,EnumLimited,UniformAdaptive,16,0.8,0.008071876781918341,-5.663434734080042e-4,2.299268581879043,2.2433409851585866,1.5163339282226205,1.4977786836374012,0.17060810287552408,0.1651275382633369,1.2032159693823217,1.1954738362964523
115,11.337000000000444,5,100,5,20,1e-4,0.632,EnumLimited,UniformAdaptive,16,0.8,0.007211723887156518,-0.0019924243711104683,2.3012623982456177,2.2465383600721403,1.5169912320925318,1.4988456758693138,0.17067887641619892,0.16523675716348235,1.2038001051414184,1.1963339418244923
116,12.322000000000116,5,200,5,20,1e-4,0.632,EnumLimited,UniformAdaptive,16,0.8,0.007506013771090614,-0.001995029931912695,2.3005802404679967,2.2465442019249817,1.516766376363874,1.498847624652013,0.17065326447603302,0.165235340452183,1.2036825656439964,1.196511815592945
117,12.110999999999876,5,100,7,20,1e-4,0.632,EnumLimited,UniformAdaptive,16,0.8,0.005199947068208699,-0.003701563516978812,2.3059256547107663,2.2503703717326116,1.5185274626132932,1.5001234521640583,0.17082768363157028,0.16534824960572025,1.2048162684193542,1.1977132607120364
118,14.338999999999942,5,200,7,20,1e-4,0.632,EnumLimited,UniformAdaptive,16,0.8,0.0059555018878579835,-0.0034841360996384907,2.3041742944881416,2.249882883981501,1.5179506890831933,1.4999609608191478,0.17076838968419034,0.1653312235377772,1.2044702114055401,1.197390982152465
119,13.311000000000604,5,100,10,20,1e-4,0.632,EnumLimited,UniformAdaptive,16,0.8,-0.0011810583360432059,-0.00793630099379028,2.320716691383059,2.2598649546806446,1.5233898684785385,1.5032847217611987,0.1712395011223677,0.16563432703828085,1.208673678167849,1.2004174061398798
120,19.413000000000466,5,200,10,20,1e-4,0.632,EnumLimited,UniformAdaptive,16,0.8,0.0020038837299252155,-0.006448275090542799,2.3133340624848797,2.2565286946540035,1.520964845906992,1.5021746551762893,0.17101930842399998,0.16551070410371294,1.2073455462847398,1.199507027142087
121,29.154999999999745,5,100,15,20,1e-4,0.632,EnumLimited,UniformAdaptive,16,0.8,-0.01831233329198345,-0.017460341757705944,2.360426627367064,2.281218532211389,1.5363679986796992,1.510370329492535,0.17229424916671687,0.16612131230655836,1.2204215671775906,1.2084230265093012
122,48.75500000000011,5,200,15,20,1e-4,0.632,EnumLimited,UniformAdaptive,16,0.8,-0.010721433777755474,-0.01346016860043342,2.342831081527874,2.2722498591693907,1.5306309423005515,1.5073983744085009,0.17177445626052004,0.16583974381396052,1.2167069123794736,1.2055371726152868
123,48.72200000000066,5,100,20,20,1e-4,0.632,EnumLimited,UniformAdaptive,16,0.8,-0.03301050161233099,-0.027835652904646624,2.394496673209201,2.3044807185536818,1.5474161280047463,1.5180516191993214,0.1731041985667129,0.16668524531614462,1.2319459018247658,1.2168051852471298
124,94.42500000000018,5,200,20,20,1e-4,0.632,EnumLimited,UniformAdaptive,16,0.8,-0.02035489372333399,-0.020887581682311973,2.3651612396000123,2.288902648151318,1.537908072545304,1.5129119763394425,0.17225390680450148,0.16619342394216433,1.224751003306511,1.212973079444402
125,72.64100000000053,5,100,30,20,1e-4,0.632,EnumLimited,UniformAdaptive,16,0.8,-0.04393700722380278,-0.03499137335455993,2.419824084010577,2.320524353309476,1.5555783760423572,1.523326738854628,0.17377753665750215,0.16705036258212463,1.2391225045915315,1.2223240324275675
126,145.13900000000012,5,200,30,20,1e-4,0.632,EnumLimited,UniformAdaptive,16,0.8,-0.02653279905776973,-0.025714738262653025,2.379481494570914,2.299725476911343,1.542556804325505,1.5164845785273726,0.1725868295695179,0.16640818894269016,1.2289340611659751,1.216863462985607
127,9.302999999999884,5,100,3,-1,0.01,0.632,EnumLimited,RoundRobin,16,0.8,6.280175268713606e-10,-8.083501942479643e-6,2.317979021479516,2.242089326552907,1.5224910579308886,1.4973607870359458,0.17111908988099842,0.16494705497319026,1.2062419309534578,1.192542854409374
128,10.299999999999272,5,200,3,-1,0.01,0.632,EnumLimited,RoundRobin,16,0.8,1.3918843855265095e-9,-8.083501942479643e-6,2.317979019708889,2.242089326552907,1.5224910573493984,1.4973607870359458,0.1711190966666533,0.16494705497319026,1.2062418504826253,1.192542854409374
129,8.295000000000073,5,100,5,-1,0.01,0.632,EnumLimited,RoundRobin,16,0.8,6.280175268713606e-10,-8.083501942479643e-6,2.317979021479516,2.242089326552907,1.5224910579308886,1.4973607870359458,0.17111908988099842,0.16494705497319026,1.2062419309534578,1.192542854409374
130,10.311999999999898,5,200,5,-1,0.01,0.632,EnumLimited,RoundRobin,16,0.8,1.3918843855265095e-9,-8.083501942479643e-6,2.317979019708889,2.242089326552907,1.5224910573493984,1.4973607870359458,0.1711190966666533,0.16494705497319026,1.2062418504826253,1.192542854409374
131,8.264000000001033,5,100,7,-1,0.01,0.632,EnumLimited,RoundRobin,16,0.8,6.280175268713606e-10,-8.083501942479643e-6,2.317979021479516,2.242089326552907,1.5224910579308886,1.4973607870359458,0.17111908988099842,0.16494705497319026,1.2062419309534578,1.192542854409374
132,13.481000000001586,5,200,7,-1,0.01,0.632,EnumLimited,RoundRobin,16,0.8,1.3918843855265095e-9,-8.083501942479643e-6,2.317979019708889,2.242089326552907,1.5224910573493984,1.4973607870359458,0.1711190966666533,0.16494705497319026,1.2062418504826253,1.192542854409374
133,8.260000000000218,5,100,10,-1,0.01,0.632,EnumLimited,RoundRobin,16,0.8,6.280175268713606e-10,-8.083501942479643e-6,2.317979021479516,2.242089326552907,1.5224910579308886,1.4973607870359458,0.17111908988099842,0.16494705497319026,1.2062419309534578,1.192542854409374
134,10.297999999998865,5,200,10,-1,0.01,0.632,EnumLimited,RoundRobin,16,0.8,1.3918843855265095e-9,-8.083501942479643e-6,2.317979019708889,2.242089326552907,1.5224910573493984,1.4973607870359458,0.1711190966666533,0.16494705497319026,1.2062418504826253,1.192542854409374
135,8.299000000000888,5,100,15,-1,0.01,0.632,EnumLimited,RoundRobin,16,0.8,6.280175268713606e-10,-8.083501942479643e-6,2.317979021479516,2.242089326552907,1.5224910579308886,1.4973607870359458,0.17111908988099842,0.16494705497319026,1.2062419309534578,1.192542854409374
136,10.323999999998705,5,200,15,-1,0.01,0.632,EnumLimited,RoundRobin,16,0.8,1.3918843855265095e-9,-8.083501942479643e-6,2.317979019708889,2.242089326552907,1.5224910573493984,1.4973607870359458,0.1711190966666533,0.16494705497319026,1.2062418504826253,1.192542854409374
137,8.299000000000888,5,100,20,-1,0.01,0.632,EnumLimited,RoundRobin,16,0.8,6.280175268713606e-10,-8.083501942479643e-6,2.317979021479516,2.242089326552907,1.5224910579308886,1.4973607870359458,0.17111908988099842,0.16494705497319026,1.2062419309534578,1.192542854409374
138,10.336999999999534,5,200,20,-1,0.01,0.632,EnumLimited,RoundRobin,16,0.8,1.3918843855265095e-9,-8.083501942479643e-6,2.317979019708889,2.242089326552907,1.5224910573493984,1.4973607870359458,0.1711190966666533,0.16494705497319026,1.2062418504826253,1.192542854409374
139,8.355999999999767,5,100,30,-1,0.01,0.632,EnumLimited,RoundRobin,16,0.8,6.280175268713606e-10,-8.083501942479643e-6,2.317979021479516,2.242089326552907,1.5224910579308886,1.4973607870359458,0.17111908988099842,0.16494705497319026,1.2062419309534578,1.192542854409374
140,10.30999999999949,5,200,30,-1,0.01,0.632,EnumLimited,RoundRobin,16,0.8,1.3918843855265095e-9,-8.083501942479643e-6,2.317979019708889,2.242089326552907,1.5224910573493984,1.4973607870359458,0.1711190966666533,0.16494705497319026,1.2062418504826253,1.192542854409374
141,9.301000000001295,5,100,3,-1,0.001,0.632,EnumLimited,RoundRobin,16,0.8,0.00648751833779404,-2.655787583198954e-4,2.3029410915173334,2.2426666492520795,1.5175444281856572,1.4975535547191892,0.17065695045137025,0.1650185363283282,1.2052637784756097,1.1964520452496954
142,10.298000000000684,5,200,3,-1,0.001,0.632,EnumLimited,RoundRobin,16,0.8,0.006810180227911133,8.54042821982759e-5,2.3021931680245413,2.2418797202842744,1.5172979826074182,1.4972907934947954,0.17066555085274493,0.16502631751022212,1.2045844865569322,1.1956228754433378
143,10.283000000001266,5,100,5,-1,0.001,0.632,EnumLimited,RoundRobin,16,0.8,0.006741704170364016,-0.0012979451903942785,2.302351894089509,2.244981288300136,1.5173502872077722,1.4983261621890396,0.17060321629048075,0.16507764963541824,1.20624470706855,1.1980972581131242
144,12.336999999999534,5,200,5,-1,0.001,0.632,EnumLimited,RoundRobin,16,0.8,0.007017261041965317,-8.836313688489472e-4,2.3017131590415114,2.2440523672119412,1.5171397954840917,1.4980161438422288,0.17060772297167962,0.1650732111172776,1.205570898774821,1.1972622031260207
145,11.329999999999927,5,100,7,-1,0.001,0.632,EnumLimited,RoundRobin,16,0.8,0.005046179475148627,-0.0010273626681762682,2.3062820847658867,2.244374623019099,1.5186448185029595,1.4981237008401873,0.17074000455625515,0.16506042476451524,1.206166274350989,1.1974331000435963
146,16.454999999999927,5,200,7,-1,0.001,0.632,EnumLimited,RoundRobin,16,0.8,0.006261774993811198,-8.849919144968688e-4,2.303464359853253,2.244055417652158,1.517716824659084,1.4980171620018772,0.1706876504935968,0.1650879900013193,1.205082048427529,1.1966040021049764
147,19.59900000000016,5,100,10,-1,0.001,0.632,EnumLimited,RoundRobin,16,0.8,2.1101169106285678e-4,-0.003252806368096328,2.31748990226177,2.249364226252067,1.5223304182278465,1.499788060444564,0.17103437215264972,0.1651853236889359,1.2103582922074159,1.1992624348074326
148,35.887000000000626,5,200,10,-1,0.001,0.632,EnumLimited,RoundRobin,16,0.8,0.003183554425506663,-0.002627437446880654,2.3105996105585507,2.247962104602704,1.5200656599497768,1.499320547649069,0.17086387157331287,0.16517635335630423,1.2074345652624645,1.198113853819801
149,60.45999999999913,5,100,15,-1,0.001,0.632,EnumLimited,RoundRobin,16,0.8,-0.012364460078117867,-0.008194598783428653,2.346639582026245,2.2604440767165306,1.5318745320770384,1.5034773283014715,0.17185015381684476,0.16542067633611202,1.2188258505341134,1.2032646329691936
150,115.67900000000009,5,200,15,-1,0.001,0.632,EnumLimited,RoundRobin,16,0.8,-0.004589440236574038,-0.00665751883785326,2.3286172491306414,2.256997834034207,1.525980749921388,1.5023308004677955,0.17128842659543006,0.16534299706018732,1.2139520327225701,1.2020334647639606
151,122.88199999999961,5,100,20,-1,0.001,0.632,EnumLimited,RoundRobin,16,0.8,-0.023086906810400487,-0.013477770543196765,2.371493988626217,2.2722893239783732,1.5399655803381507,1.507411464723011,0.17249586974092704,0.16572652950905895,1.226529756276462,1.2084355933885789
152,253.78000000000065,5,200,20,-1,0.001,0.632,EnumLimited,RoundRobin,16,0.8,-0.012033387110336635,-0.011019748466611023,2.3458721618318674,2.266778263464697,1.5316240275706918,1.5055823668815655,0.1717144537155206,0.1655670852098195,1.2197107203602593,1.2062828439419646
153,185.09700000000157,5,100,30,-1,0.001,0.632,EnumLimited,RoundRobin,16,0.8,-0.030890072162434556,-0.01790539906259303,2.389581562224727,2.282216382378257,1.5458271450019005,1.5107006263248377,0.17295327674718827,0.16597865515752472,1.232012354786562,1.2119178675749807
154,380.2009999999991,5,200,30,-1,0.001,0.632,EnumLimited,RoundRobin,16,0.8,-0.016872576781496784,-0.01373915897155853,2.357089301977622,2.2728753754463393,1.5352815057759348,1.5076058422035712,0.17197458410007466,0.1656800170432304,1.223270020957531,1.209352662233601
155,10.271999999999025,5,100,3,-1,1e-4,0.632,EnumLimited,RoundRobin,16,0.8,0.006925089845541299,-8.264658586623064e-4,2.301926809941341,2.2439241980677602,1.5172102062474206,1.4979733636042265,0.1706393605064581,0.16507952588409502,1.2052657475492834,1.1971325899371568
156,11.334999999999127,5,200,3,-1,1e-4,0.632,EnumLimited,RoundRobin,16,0.8,0.007170712942458413,-2.3073163447717704e-4,2.301357460755139,2.2425885195192126,1.517022564352666,1.4975274687027322,0.17065075209081523,0.16506622600041082,1.2045876507092579,1.1961173096375717
157,10.299999999999272,5,100,5,-1,1e-4,0.632,EnumLimited,RoundRobin,16,0.8,0.006889864794429323,-0.002402970219276046,2.3020084608709004,2.247458833095727,1.5172371142543608,1.4991527050623386,0.17060332856908264,0.16517407466146197,1.206363731432277,1.1991005844401683
158,13.369000000000597,5,200,5,-1,1e-4,0.632,EnumLimited,RoundRobin,16,0.8,0.00721128528643844,-0.001537547683231999,2.301263414912882,2.245518494149438,1.5169915671858172,1.4985054201268135,0.17058990312107786,0.1651239348841115,1.2057029099588252,1.1981121187424406
159,11.282999999999447,5,100,7,-1,1e-4,0.632,EnumLimited,RoundRobin,16,0.8,0.005304018552869216,-0.003093439537960263,2.3056844191924375,2.2490069144715426,1.5184480297963567,1.4996689349558263,0.17074012302837976,0.16524156078966945,1.2059977974362452,1.19853365012076
160,17.40600000000086,5,200,7,-1,1e-4,0.632,EnumLimited,RoundRobin,16,0.8,0.0064235962805992974,-0.0022370730154228635,2.3030892615050136,2.2470868797523487,1.5175932463954278,1.4990286454075348,0.17069070448849663,0.1652093394326274,1.2048951340962843,1.1974344333428462
161,21.513999999999214,5,100,10,-1,1e-4,0.632,EnumLimited,RoundRobin,16,0.8,-9.810724071457333e-4,-0.007866887633709352,2.320253128194992,2.25970932498492,1.5232377123072394,1.5032329576565702,0.1711333457252094,0.1655436167363426,1.2105276110353396,1.2022443716176143
162,36.7450000000008,5,200,10,-1,1e-4,0.632,EnumLimited,RoundRobin,16,0.8,0.0018240941908925778,-0.004626909271771451,2.3137508108649008,2.2524450628020336,1.5211018410563117,1.5008147996345298,0.1709669514660811,0.16533796806922227,1.208268301133356,1.1994080608013618
163,73.58200000000033,5,100,15,-1,1e-4,0.632,EnumLimited,RoundRobin,16,0.8,-0.020629538690347005,-0.017039579142489325,2.3657978608723034,2.280275152468611,1.5381150349932555,1.510057996392394,0.1724000058421229,0.16601610834641384,1.2233479557749731,1.2097196099104324
164,147.3259999999991,5,200,15,-1,1e-4,0.632,EnumLimited,RoundRobin,16,0.8,-0.011536512669665377,-0.010944790984785957,2.344720417301359,2.2666102034532654,1.5312479934032106,1.5055265535530302,0.1717582597487923,0.1656172738861487,1.2181002009278992,1.2052302966138686
165,159.66399999999885,5,100,20,-1,1e-4,0.632,EnumLimited,RoundRobin,16,0.8,-0.038763253858588476,-0.026452086923221207,2.4078314322401697,2.3013786651096013,1.5517188637894976,1.5170295531431157,0.173474901859003,0.16652411929503816,1.236580847013185,1.2170244675665314
166,314.8200000000015,5,200,20,-1,1e-4,0.632,EnumLimited,RoundRobin,16,0.8,-0.023056964443371797,-0.018982689873621617,2.3714245828475473,2.2846317450826685,1.5399430453258807,1.5114998329747404,0.17241209406957156,0.1660333420164681,1.2263711542107143,1.2122743515106185
167,245.5650000000005,5,100,30,-1,1e-4,0.632,EnumLimited,RoundRobin,16,0.8,-0.05181075716658934,-0.03352933156612803,2.4380752712097937,2.3172463515183925,1.5614337229641846,1.522250423392417,0.17424647135983345,0.1669008830953716,1.2445736370460356,1.2226720919083232
168,494.6359999999986,5,200,30,-1,1e-4,0.632,EnumLimited,RoundRobin,16,0.8,-0.03169882890017561,-0.02409101654936663,2.391456243377468,2.296084977216678,1.546433394420034,1.5152837942829975,0.17288463540345994,0.16626576886757014,1.2324116702482664,1.2171996187061742
169,8.28900000000067,5,100,3,7,0.01,0.632,EnumLimited,RoundRobin,16,0.8,6.280175268713606e-10,-8.083501942479643e-6,2.317979021479516,2.242089326552907,1.5224910579308886,1.4973607870359458,0.17111908988099842,0.16494705497319026,1.2062419309534578,1.192542854409374
170,10.286000000000058,5,200,3,7,0.01,0.632,EnumLimited,RoundRobin,16,0.8,1.3918843855265095e-9,-8.083501942479643e-6,2.317979019708889,2.242089326552907,1.5224910573493984,1.4973607870359458,0.1711190966666533,0.16494705497319026,1.2062418504826253,1.192542854409374
171,8.243000000000393,5,100,5,7,0.01,0.632,EnumLimited,RoundRobin,16,0.8,6.280175268713606e-10,-8.083501942479643e-6,2.317979021479516,2.242089326552907,1.5224910579308886,1.4973607870359458,0.17111908988099842,0.16494705497319026,1.2062419309534578,1.192542854409374
172,10.281999999999243,5,200,5,7,0.01,0.632,EnumLimited,RoundRobin,16,0.8,1.3918843855265095e-9,-8.083501942479643e-6,2.317979019708889,2.242089326552907,1.5224910573493984,1.4973607870359458,0.1711190966666533,0.16494705497319026,1.2062418504826253,1.192542854409374
173,8.264999999999418,5,100,7,7,0.01,0.632,EnumLimited,RoundRobin,16,0.8,6.280175268713606e-10,-8.083501942479643e-6,2.317979021479516,2.242089326552907,1.5224910579308886,1.4973607870359458,0.17111908988099842,0.16494705497319026,1.2062419309534578,1.192542854409374
174,10.768000000000029,5,200,7,7,0.01,0.632,EnumLimited,RoundRobin,16,0.8,1.3918843855265095e-9,-8.083501942479643e-6,2.317979019708889,2.242089326552907,1.5224910573493984,1.4973607870359458,0.1711190966666533,0.16494705497319026,1.2062418504826253,1.192542854409374
175,8.29700000000048,5,100,10,7,0.01,0.632,EnumLimited,RoundRobin,16,0.8,6.280175268713606e-10,-8.083501942479643e-6,2.317979021479516,2.242089326552907,1.5224910579308886,1.4973607870359458,0.17111908988099842,0.16494705497319026,1.2062419309534578,1.192542854409374
176,9.296000000000276,5,200,10,7,0.01,0.632,EnumLimited,RoundRobin,16,0.8,1.3918843855265095e-9,-8.083501942479643e-6,2.317979019708889,2.242089326552907,1.5224910573493984,1.4973607870359458,0.1711190966666533,0.16494705497319026,1.2062418504826253,1.192542854409374
177,8.25799999999981,5,100,15,7,0.01,0.632,EnumLimited,RoundRobin,16,0.8,6.280175268713606e-10,-8.083501942479643e-6,2.317979021479516,2.242089326552907,1.5224910579308886,1.4973607870359458,0.17111908988099842,0.16494705497319026,1.2062419309534578,1.192542854409374
178,9.274999999999636,5,200,15,7,0.01,0.632,EnumLimited,RoundRobin,16,0.8,1.3918843855265095e-9,-8.083501942479643e-6,2.317979019708889,2.242089326552907,1.5224910573493984,1.4973607870359458,0.1711190966666533,0.16494705497319026,1.2062418504826253,1.192542854409374
179,8.282999999999447,5,100,20,7,0.01,0.632,EnumLimited,RoundRobin,16,0.8,6.280175268713606e-10,-8.083501942479643e-6,2.317979021479516,2.242089326552907,1.5224910579308886,1.4973607870359458,0.17111908988099842,0.16494705497319026,1.2062419309534578,1.192542854409374
180,10.298000000000684,5,200,20,7,0.01,0.632,EnumLimited,RoundRobin,16,0.8,1.3918843855265095e-9,-8.083501942479643e-6,2.317979019708889,2.242089326552907,1.5224910573493984,1.4973607870359458,0.1711190966666533,0.16494705497319026,1.2062418504826253,1.192542854409374
181,8.27599999999984,5,100,30,7,0.01,0.632,EnumLimited,RoundRobin,16,0.8,6.280175268713606e-10,-8.083501942479643e-6,2.317979021479516,2.242089326552907,1.5224910579308886,1.4973607870359458,0.17111908988099842,0.16494705497319026,1.2062419309534578,1.192542854409374
182,10.331000000000131,5,200,30,7,0.01,0.632,EnumLimited,RoundRobin,16,0.8,1.3918843855265095e-9,-8.083501942479643e-6,2.317979019708889,2.242089326552907,1.5224910573493984,1.4973607870359458,0.1711190966666533,0.16494705497319026,1.2062418504826253,1.192542854409374
183,9.239999999999782,5,100,3,7,0.001,0.632,EnumLimited,RoundRobin,16,0.8,0.004246903310580419,8.208139741769926e-4,2.308134790148888,2.240230879391654,1.5192546824508681,1.4967400841133554,0.17083618235398898,0.16494050473207011,1.2053447614149628,1.1940716480446156
184,10.279000000000451,5,200,3,7,0.001,0.632,EnumLimited,RoundRobin,16,0.8,0.004443478807016454,8.052742707107541e-4,2.3076791322717263,2.240265720513295,1.5191047140575025,1.496751723070094,0.1708422691152975,0.16496244262639562,1.2051556204322629,1.1939780681856866
185,9.081999999998516,5,100,5,7,0.001,0.632,EnumLimited,RoundRobin,16,0.8,0.005082100378785204,9.543914766624306e-4,2.3061988208647723,2.239931389119994,1.5186174043730607,1.496640033247806,0.17079623380464515,0.16494906266060402,1.2044178837153812,1.193795282211952
186,11.277000000000044,5,200,5,7,0.001,0.632,EnumLimited,RoundRobin,16,0.8,0.005368758973551158,9.129542474426433e-4,2.3055343522553606,2.24002429433835,1.518398614414331,1.4966710708563689,0.17077638030243977,0.16495807058246506,1.204463305822924,1.1938742065455572
187,10.293999999999869,5,100,7,7,0.001,0.632,EnumLimited,RoundRobin,16,0.8,0.005093104283527827,8.860913970325512e-4,2.3061733140444085,2.240084522761679,1.5186090063095268,1.4966911915160317,0.17079338341754963,0.16495465851207775,1.2045555257947251,1.193838012354127
188,12.304000000000087,5,200,7,7,0.001,0.632,EnumLimited,RoundRobin,16,0.8,0.005287033411873199,0.001174237201740591,2.305723790392968,2.239438479350745,1.5184609940307878,1.4964753520692364,0.17077984380821223,0.16493868792377914,1.2045007432973653,1.1937700658830552
189,11.266999999999825,5,100,10,7,0.001,0.632,EnumLimited,RoundRobin,16,0.8,0.003825956237992534,4.926466349379766e-4,2.3091105366329128,2.24096665393265,1.5195757752191605,1.4969858562901155,0.17088804083481074,0.16498554057693837,1.2053504191141837,1.1940161602518844
190,16.342000000000553,5,200,10,7,0.001,0.632,EnumLimited,RoundRobin,16,0.8,0.005160681051221805,0.0011934797370759531,2.306016672514456,2.2393953362164014,1.5185574314178756,1.496460937083358,0.170766670310385,0.16492092711945852,1.2048582772949148,1.1938570532718076
191,22.523999999999432,5,100,15,7,0.001,0.632,EnumLimited,RoundRobin,16,0.8,4.2047222234553594e-4,-7.716320653066155e-4,2.3170043771441238,2.243801256798739,1.5221709421560128,1.497932327175944,0.1710579629541166,0.16500674129259893,1.208115486637073,1.195355786214174
192,43.88900000000103,5,200,15,7,0.001,0.632,EnumLimited,RoundRobin,16,0.8,0.0020905247015836625,1.0638554141795264e-4,2.313133230530049,2.2418326788071803,1.52089882323909,1.4972750845476526,0.1709444052720609,0.16495190994766545,1.2072406161109113,1.1953294480918184
193,42.95499999999993,5,100,20,7,0.001,0.632,EnumLimited,RoundRobin,16,0.8,-5.756505971397097e-4,-0.002905112727257686,2.319313368943958,2.2485846723525573,1.5229292068063958,1.499528149903348,0.17106527341854205,0.16508336608876567,1.2091662608562703,1.197996556308545
194,82.66100000000006,5,200,20,7,0.001,0.632,EnumLimited,RoundRobin,16,0.8,0.0017155121660707984,-0.0010745789657808924,2.3140025017207053,2.2444804853202593,1.5211845718783454,1.4981590320524252,0.17090779989235727,0.1649716387429059,1.2079168238832605,1.1973730022418356
195,61.14400000000023,5,100,30,7,0.001,0.632,EnumLimited,RoundRobin,16,0.8,-0.0034567906394276093,-0.004778625620927901,2.3259917911241197,2.252785221659466,1.525120254643587,1.5009281200841917,0.17121423670787314,0.16517247877337152,1.211553950725107,1.1999989364892252
196,126.3760000000002,5,200,30,7,0.001,0.632,EnumLimited,RoundRobin,16,0.8,7.296668744327661e-6,-0.0020445141150307045,2.317962109410161,2.246655148986943,1.522485503842372,1.498884634982607,0.17095915361311828,0.16500143956924845,1.2096852043908675,1.1986533802122517
197,10.255000000001019,5,100,3,7,1e-4,0.632,EnumLimited,RoundRobin,16,0.8,0.005553874279687787,7.808698883130516e-4,2.305105258858912,2.2403204368762903,1.518257309832201,1.4967700013282903,0.17076657300756481,0.16498022249921646,1.2053640613877974,1.1949287258966104
198,11.295000000001892,5,200,3,7,1e-4,0.632,EnumLimited,RoundRobin,16,0.8,0.00556046045009051,7.206644676438501e-4,2.305089992254077,2.240455421716223,1.5182522821501296,1.4968150926938915,0.17078018286467284,0.16499820373464916,1.205159392866002,1.194858672176261
199,10.2599999999984,5,100,5,7,1e-4,0.632,EnumLimited,RoundRobin,16,0.8,0.0067222267804412095,2.6349322764640526e-4,2.3023970422707714,2.2414804321881543,1.517365164444858,1.4971574507005447,0.1706929987035128,0.16503190917777852,1.2047201082582144,1.1954958522233468
200,12.296000000002095,5,200,5,7,1e-4,0.632,EnumLimited,RoundRobin,16,0.8,0.007171070971389248,4.922987708925186e-4,2.3013566308515876,2.240967433868609,1.5170222908222502,1.4969861167922063,0.17066868132740248,0.16502409421529632,1.2042282413197338,1.195201567675475
201,11.317999999999302,5,100,7,7,1e-4,0.632,EnumLimited,RoundRobin,16,0.8,0.006337084320406472,3.132109604808697e-5,2.3032897944139736,2.2420009786384956,1.5176593143436288,1.4973312855338645,0.17072368117920034,0.16506436460917365,1.2047707569007569,1.1953905564665268
202,14.343000000000757,5,200,7,7,1e-4,0.632,EnumLimited,RoundRobin,16,0.8,0.007156682374697576,2.8173592736535635e-4,2.3013899833168883,2.2414395307564536,1.5170332835231033,1.4971437909420904,0.17066814236100786,0.16504935184792172,1.2040512107466057,1.1952905030322225
203,14.335000000002765,5,100,10,7,1e-4,0.632,EnumLimited,RoundRobin,16,0.8,0.004613981490040331,-0.0013828508415256735,2.3072839106291227,2.2451716528154897,1.5189746247482618,1.4983896865687143,0.170836131558762,0.16514509561718418,1.2053085945213051,1.1966612550406068
204,24.477999999999156,5,200,10,7,1e-4,0.632,EnumLimited,RoundRobin,16,0.8,0.006249475281453587,-6.160094127383164e-4,2.303492870328486,2.2434523397309176,1.517726217184274,1.4978158564159072,0.1707057280242662,0.16508656433248625,1.204810500977646,1.1966776956015748
205,41.76599999999962,5,100,15,7,1e-4,0.632,EnumLimited,RoundRobin,16,0.8,-0.009282343723876707,-0.006112707923831229,2.3394953009708686,2.2557763291729254,1.529540879143434,1.5019242088643905,0.17166381331035513,0.16535527145534432,1.2142258666996744,1.201160276645976
206,83.62800000000061,5,200,15,7,1e-4,0.632,EnumLimited,RoundRobin,16,0.8,-0.003011372965870285,-0.005958834819232539,2.3249593223003693,2.2554313347162247,1.524781729396168,1.5018093536518624,0.1712280876393048,0.1653491506626892,1.211071705660194,1.2014759856428303
207,92.79499999999825,5,100,20,7,1e-4,0.632,EnumLimited,RoundRobin,16,0.8,-0.025628720753069878,-0.016592646444085313,2.377385860025529,2.2792730975359454,1.5418773816440556,1.509726166407652,0.17263388904848037,0.16592406149395866,1.2255910563284682,1.209261036598374
208,190.43499999999767,5,200,20,7,1e-4,0.632,EnumLimited,RoundRobin,16,0.8,-0.013934936976427448,-0.014492320052646335,2.3502799145325315,2.2745640162172904,1.5330622670108776,1.5081657787581877,0.1718095212788109,0.16577610525884368,1.2195479095217765,1.2081405062675479
209,163.112000000001,5,100,30,7,1e-4,0.632,EnumLimited,RoundRobin,16,0.8,-0.037641915950107796,-0.023409681543661076,2.405232194490689,2.294557375620949,1.5508811026286602,1.5147796458960456,0.17334042376864334,0.16626994335215295,1.2339691697556512,1.2150424052183015
210,317.64700000000084,5,200,30,7,1e-4,0.632,EnumLimited,RoundRobin,16,0.8,-0.022144371436649157,-0.01928925379950197,2.369309211401487,2.2853190832326917,1.5392560577764465,1.5117271854513603,0.17226845711020686,0.1659561292078214,1.2249823164476628,1.2122838633911361
211,8.253000000000611,5,100,3,20,0.01,0.632,EnumLimited,RoundRobin,16,0.8,6.280175268713606e-10,-8.083501942479643e-6,2.317979021479516,2.242089326552907,1.5224910579308886,1.4973607870359458,0.17111908988099842,0.16494705497319026,1.2062419309534578,1.192542854409374
212,10.298000000002503,5,200,3,20,0.01,0.632,EnumLimited,RoundRobin,16,0.8,1.3918843855265095e-9,-8.083501942479643e-6,2.317979019708889,2.242089326552907,1.5224910573493984,1.4973607870359458,0.1711190966666533,0.16494705497319026,1.2062418504826253,1.192542854409374
213,8.259000000001834,5,100,5,20,0.01,0.632,EnumLimited,RoundRobin,16,0.8,6.280175268713606e-10,-8.083501942479643e-6,2.317979021479516,2.242089326552907,1.5224910579308886,1.4973607870359458,0.17111908988099842,0.16494705497319026,1.2062419309534578,1.192542854409374
214,10.287000000000262,5,200,5,20,0.01,0.632,EnumLimited,RoundRobin,16,0.8,1.3918843855265095e-9,-8.083501942479643e-6,2.317979019708889,2.242089326552907,1.5224910573493984,1.4973607870359458,0.1711190966666533,0.16494705497319026,1.2062418504826253,1.192542854409374
215,8.066999999999098,5,100,7,20,0.01,0.632,EnumLimited,RoundRobin,16,0.8,6.280175268713606e-10,-8.083501942479643e-6,2.317979021479516,2.242089326552907,1.5224910579308886,1.4973607870359458,0.17111908988099842,0.16494705497319026,1.2062419309534578,1.192542854409374
216,10.273000000001048,5,200,7,20,0.01,0.632,EnumLimited,RoundRobin,16,0.8,1.3918843855265095e-9,-8.083501942479643e-6,2.317979019708889,2.242089326552907,1.5224910573493984,1.4973607870359458,0.1711190966666533,0.16494705497319026,1.2062418504826253,1.192542854409374
217,8.257999999997992,5,100,10,20,0.01,0.632,EnumLimited,RoundRobin,16,0.8,6.280175268713606e-10,-8.083501942479643e-6,2.317979021479516,2.242089326552907,1.5224910579308886,1.4973607870359458,0.17111908988099842,0.16494705497319026,1.2062419309534578,1.192542854409374
218,10.299000000002707,5,200,10,20,0.01,0.632,EnumLimited,RoundRobin,16,0.8,1.3918843855265095e-9,-8.083501942479643e-6,2.317979019708889,2.242089326552907,1.5224910573493984,1.4973607870359458,0.1711190966666533,0.16494705497319026,1.2062418504826253,1.192542854409374
219,8.274000000001251,5,100,15,20,0.01,0.632,EnumLimited,RoundRobin,16,0.8,6.280175268713606e-10,-8.083501942479643e-6,2.317979021479516,2.242089326552907,1.5224910579308886,1.4973607870359458,0.17111908988099842,0.16494705497319026,1.2062419309534578,1.192542854409374
220,10.297999999998865,5,200,15,20,0.01,0.632,EnumLimited,RoundRobin,16,0.8,1.3918843855265095e-9,-8.083501942479643e-6,2.317979019708889,2.242089326552907,1.5224910573493984,1.4973607870359458,0.1711190966666533,0.16494705497319026,1.2062418504826253,1.192542854409374
221,8.274999999997817,5,100,20,20,0.01,0.632,EnumLimited,RoundRobin,16,0.8,6.280175268713606e-10,-8.083501942479643e-6,2.317979021479516,2.242089326552907,1.5224910579308886,1.4973607870359458,0.17111908988099842,0.16494705497319026,1.2062419309534578,1.192542854409374
222,10.273000000001048,5,200,20,20,0.01,0.632,EnumLimited,RoundRobin,16,0.8,1.3918843855265095e-9,-8.083501942479643e-6,2.317979019708889,2.242089326552907,1.5224910573493984,1.4973607870359458,0.1711190966666533,0.16494705497319026,1.2062418504826253,1.192542854409374
223,8.268000000000029,5,100,30,20,0.01,0.632,EnumLimited,RoundRobin,16,0.8,6.280175268713606e-10,-8.083501942479643e-6,2.317979021479516,2.242089326552907,1.5224910579308886,1.4973607870359458,0.17111908988099842,0.16494705497319026,1.2062419309534578,1.192542854409374
224,10.257000000001426,5,200,30,20,0.01,0.632,EnumLimited,RoundRobin,16,0.8,1.3918843855265095e-9,-8.083501942479643e-6,2.317979019708889,2.242089326552907,1.5224910573493984,1.4973607870359458,0.1711190966666533,0.16494705497319026,1.2062418504826253,1.192542854409374
225,9.287000000000262,5,100,3,20,0.001,0.632,EnumLimited,RoundRobin,16,0.8,0.0076460163528440095,-2.7969609314038024e-4,2.3002557174203355,2.24269830132194,1.5166593940039192,1.4975641226077567,0.17063623237992692,0.1650944497647504,1.2035821068401062,1.1952251828701697
226,11.318999999999505,5,200,3,20,0.001,0.632,EnumLimited,RoundRobin,16,0.8,0.007834321203186279,-3.127752681146845e-4,2.299819230727325,2.2427724671875615,1.5165154897749396,1.4975888845699816,0.17062457776093928,0.16509870132887935,1.2033342314269686,1.1952563670068894
227,10.258999999998196,5,100,5,20,0.001,0.632,EnumLimited,RoundRobin,16,0.8,0.007480385352447438,-0.0019672050995962476,2.3006396466048025,2.246481816669723,1.516785959390712,1.498826813434335,0.1705945535846233,0.16517672749624956,1.2049687111737206,1.1974533847803877
228,13.350000000002183,5,200,5,20,0.001,0.632,EnumLimited,RoundRobin,16,0.8,0.007607232048519319,-0.0015283247544790601,2.300345618624179,2.245497815686476,1.5166890316159667,1.4984985204151775,0.17059554383681313,0.16515253085104434,1.204553549376324,1.197069636841492
229,12.291999999997643,5,100,7,20,0.001,0.632,EnumLimited,RoundRobin,16,0.8,0.005855635471419873,-0.002435233028432515,2.304405782746541,2.247531168611057,1.518026937424544,1.4991768303342528,0.17073831802528003,0.1652397584708658,1.2045110743339558,1.197099461376628
230,17.417999999997846,5,200,7,20,0.001,0.632,EnumLimited,RoundRobin,16,0.8,0.006374832112279405,-0.002016982942712353,2.30320229582425,2.2465934221383095,1.517630487247884,1.4988640439140268,0.17069612153143462,0.16519751591098936,1.204392573194789,1.1967889415536352
231,21.519000000000233,5,100,10,20,0.001,0.632,EnumLimited,RoundRobin,16,0.8,8.608654940769345e-4,-0.005353257296593084,2.3159835547784087,2.2540735867916726,1.5218355873018639,1.501357248222978,0.1710769184851187,0.1653904597891684,1.2081753122717935,1.199424345676338
232,46.138999999999214,5,200,10,20,0.001,0.632,EnumLimited,RoundRobin,16,0.8,0.00334858636715607,-0.004505500810022323,2.310217069979693,2.252172856386174,1.5199398244600648,1.5007241106832974,0.17090529039854696,0.16534325511559905,1.207119192956731,1.1984686861006084
233,96.88200000000143,5,100,15,20,0.001,0.632,EnumLimited,RoundRobin,16,0.8,-0.014044064960943903,-0.014650079798244287,2.3505328709114557,2.2749177247998515,1.5331447651515024,1.5082830386899706,0.1719962879959593,0.16589133012024923,1.2185365909878583,1.2074097005420092
234,165.42699999999968,5,200,15,20,0.001,0.632,EnumLimited,RoundRobin,16,0.8,-0.004354500736441169,-0.010253417124167719,2.3280726642976743,2.2650600940300283,1.5258023018391584,1.5050116591010279,0.1712958048292089,0.16557377790281735,1.2129956400647568,1.2049494819883957
235,169.60699999999997,5,100,20,20,0.001,0.632,EnumLimited,RoundRobin,16,0.8,-0.027938988798901443,-0.022183623312886924,2.382741012893124,2.291808465768816,1.5436129738030593,1.5138720110263006,0.17278725375663492,0.16626441996651242,1.228940919341628,1.2139459535836563
236,343.3159999999989,5,200,20,20,0.001,0.632,EnumLimited,RoundRobin,16,0.8,-0.01395281264355952,-0.015107916545711753,2.350321349953964,2.2759442273869164,1.533075780890809,1.5086232887592967,0.17181690429312566,0.16576986985608805,1.2212459872490065,1.2098855529120847
237,253.89700000000084,5,100,30,20,0.001,0.632,EnumLimited,RoundRobin,16,0.8,-0.03709412552228719,-0.029070968013844123,2.4039624277700367,2.307250382986355,1.550471679125432,1.5189635884333617,0.1733030773911613,0.16664975450118122,1.235770725462563,1.2188792861245903
238,516.2849999999999,5,200,30,20,0.001,0.632,EnumLimited,RoundRobin,16,0.8,-0.018906737287816888,-0.019805054820256407,2.361804443360555,2.286475545847683,1.5368163336458118,1.512109634202389,0.17205156021858595,0.1660094998830325,1.2255932139630374,1.2136876420031746
239,9.25,5,100,3,20,1e-4,0.632,EnumLimited,RoundRobin,16,0.8,0.007765511177125539,-3.2534763510239095e-4,2.2999787309243014,2.2428006553295354,1.5165680765874974,1.4975982957153549,0.170632367822119,0.16510453894449065,1.2035443276475557,1.195284527994222
240,11.27900000000227,5,200,3,20,1e-4,0.632,EnumLimited,RoundRobin,16,0.8,0.007991472185677861,-3.9672961863401746e-4,2.299454958046476,2.242960698819208,1.5163953831525852,1.4976517281461694,0.17061955650409022,0.16511309047010753,1.2033188317044714,1.1954011284791521
241,10.28399999999965,5,100,5,20,1e-4,0.632,EnumLimited,RoundRobin,16,0.8,0.007580075112022189,-0.00229201470978202,2.3004085678333066,2.2472100629431027,1.5167097836545087,1.4990697325151698,0.17058865072929608,0.1652073595125362,1.2049431501430148,1.1977183384525198
242,13.337999999999738,5,200,5,20,1e-4,0.632,EnumLimited,RoundRobin,16,0.8,0.007692457310107814,-0.0019551314791184105,2.300148068255593,2.2464547467529368,1.5166239046828955,1.4988177830386644,0.1705893335566363,0.1651872772035866,1.2046342018021006,1.1975590674849739
243,12.290000000000873,5,100,7,20,1e-4,0.632,EnumLimited,RoundRobin,16,0.8,0.005667632375965792,-0.003048069616501614,2.3048415699780502,2.2489051918771685,1.5181704680232884,1.4996350195554813,0.17075716673818778,0.16529486101311888,1.2047572617284947,1.1976109695940238
244,18.432999999997264,5,200,7,20,1e-4,0.632,EnumLimited,RoundRobin,16,0.8,0.006371804448373153,-0.0025595042101871357,2.3032093138856733,2.247809793449003,1.5176327994233894,1.4992697533963002,0.17069084832131814,0.16523422609055674,1.204526554814279,1.1973350068709276
245,24.558000000000902,5,100,10,20,1e-4,0.632,EnumLimited,RoundRobin,16,0.8,-4.080213438126812e-4,-0.006545891767648637,2.3189248078511153,2.256747558194652,1.522801631155915,1.5022475023093405,0.1711388481776398,0.16546177572073478,1.2095953402503217,1.2010393604486418
246,45.866000000001804,5,200,10,20,1e-4,0.632,EnumLimited,RoundRobin,16,0.8,0.0026377806115990277,-0.005748929304446815,2.311864702810456,2.254960711606222,1.520481733797041,1.501652660106931,0.17092870751838873,0.16540996628654264,1.208013255173579,1.1997566335000613
247,89.81499999999869,5,100,15,20,1e-4,0.632,EnumLimited,RoundRobin,16,0.8,-0.0173576146273533,-0.017280470492587297,2.358213609529647,2.2808152480276616,1.5356476189313897,1.510236818524718,0.17219028957373253,0.16607438225049842,1.2204907270772924,1.2093893821276984
248,179.77100000000064,5,200,15,20,1e-4,0.632,EnumLimited,RoundRobin,16,0.8,-0.007975753605432345,-0.01383352572744645,2.33646665248474,2.273086952432214,1.5285505070113778,1.5076760104320206,0.1715230591072492,0.16580871590652543,1.215314026112655,1.207695198711593
249,188.32800000000134,5,100,20,20,1e-4,0.632,EnumLimited,RoundRobin,16,0.8,-0.03369485559235086,-0.026190424141851576,2.3960829913791493,2.3007919985226564,1.547928613140525,1.5168361805160953,0.17314063615674066,0.1665208543879444,1.232524394605499,1.2166249792233876
250,371.8770000000004,5,200,20,20,1e-4,0.632,EnumLimited,RoundRobin,16,0.8,-0.020524455856704815,-0.02042529428609119,2.36555428106825,2.28786616689285,1.5380358516849502,1.5125693924223278,0.17224062674306895,0.1661117232788111,1.2249855786468056,1.2137769159533096
251,288.7440000000024,5,100,30,20,1e-4,0.632,EnumLimited,RoundRobin,16,0.8,-0.04470984837446701,-0.03397218974785843,2.421615513585878,2.3182392710945594,1.5561540777139897,1.5225765238878994,0.17381208463691541,0.16694832779618854,1.2398814246657361,1.2224820510483383
252,566.385000000002,5,200,30,20,1e-4,0.632,EnumLimited,RoundRobin,16,0.8,-0.02848201289562824,-0.025598581554740818,2.3839997313582852,2.299465045301525,1.544020638255294,1.5163987092125621,0.17268441658991499,0.16634859583383965,1.2305894643854938,1.217887223412959
